id,first_name,last_name,email,gender,favorite_animal
1,Marabel,Avrasin,mavrasin0@51.la,Female,"Squirrel, golden-mantled ground"
2,Luciana,Tuffell,ltuffell1@wikimedia.org,Female,House sparrow
3,Raphaela,Stephens,rstephens2@ted.com,Female,Thirteen-lined squirrel
4,Kathrine,Giacomazzo,kgiacomazzo3@360.cn,Female,American crow
5,Elvira,Zipsell,ezipsell4@jimdo.com,Female,Red-cheeked cordon bleu
6,Deirdre,Nasi,dnasi5@jiathis.com,Female,"Heron, yellow-crowned night"
7,Valentin,Dener,vdener6@engadget.com,Male,Silver gull
8,Petronia,Baudoux,pbaudoux7@va.gov,Female,Fisher
9,Lindsey,Turnpenny,lturnpenny8@dailymail.co.uk,Male,"Nutcracker, clark's"
10,Claudianus,Lemonby,clemonby9@godaddy.com,Male,"Marten, american"
11,Jerrine,Reilingen,jreilingena@amazon.co.jp,Female,"Mouse, four-striped grass"
12,Grethel,Thurske,gthurskeb@instagram.com,Female,"Crocodile, nile"
13,Hadleigh,Etherton,hethertonc@omniture.com,Male,Southern black-backed gull
14,Val,Stannus,vstannusd@lulu.com,Female,Red kangaroo
15,Sheela,Dohrmann,sdohrmanne@cbc.ca,Female,Tiger cat
16,Onfre,Evenett,oevenettf@github.io,Male,Lava gull
17,Roley,Huriche,rhuricheg@themeforest.net,Male,"Flamingo, lesser"
18,Martguerita,Caldayrou,mcaldayrouh@indiegogo.com,Female,Lesser double-collared sunbird
19,Ira,Lippett,ilippetti@ox.ac.uk,Female,"Jackal, asiatic"
20,Brynn,Laweles,blawelesj@hatena.ne.jp,Female,Pine siskin
21,Katharina,Harkess,kharkessk@europa.eu,Female,"Cormorant, pied"
22,Tabor,Heart,theartl@admin.ch,Male,Tawny frogmouth
23,Jarvis,Rotherforth,jrotherforthm@flickr.com,Male,"Finch, common melba"
24,Darby,Weafer,dweafern@addtoany.com,Male,"Rattlesnake, horned"
25,Wallas,Alps,walpso@unc.edu,Male,Brown brocket
26,Chickie,Luckin,cluckinp@aboutads.info,Male,"Ibis, puna"
27,Barth,Toothill,btoothillq@webmd.com,Male,Black-faced kangaroo
28,Denise,Bleything,dbleythingr@acquirethisname.com,Female,Eastern diamondback rattlesnake
29,Theressa,Malkinson,tmalkinsons@wix.com,Female,"Wambenger, red-tailed"
30,Leroy,Jados,ljadost@virginia.edu,Male,Netted rock dragon
31,Bernelle,Chiese,bchieseu@live.com,Female,"Wolf, timber"
32,Bess,Bogart,bbogartv@intel.com,Female,"Badger, honey"
33,Sayres,Canada,scanadaw@si.edu,Male,Grison
34,Tracey,Krollmann,tkrollmannx@slashdot.org,Male,"Baboon, chacma"
35,Gabbie,Basden,gbasdeny@macromedia.com,Male,Pocket gopher (unidentified)
36,Riordan,Eadmeads,readmeadsz@icio.us,Male,Red-tailed cockatoo
37,Marvin,Thoma,mthoma10@liveinternet.ru,Male,Bushbuck
38,Kirbee,Harmstone,kharmstone11@t.co,Female,Sugar glider
39,Latrena,Sherbourne,lsherbourne12@imageshack.us,Female,Indian leopard
40,Rickey,Flewin,rflewin13@who.int,Male,Sable antelope
41,Conant,Velde,cvelde14@google.co.uk,Male,Alpaca
42,Abra,Delahunt,adelahunt15@geocities.jp,Female,Water legaan
43,Avery,Grahamslaw,agrahamslaw16@myspace.com,Male,White-winged tern
44,Carmelia,Argent,cargent17@miibeian.gov.cn,Female,"Cockatoo, red-tailed"
45,Yul,Gronaver,ygronaver18@seattletimes.com,Male,Impala
46,Dewain,Edgley,dedgley19@blogtalkradio.com,Male,Yellow-headed caracara
47,Shurwood,Rodgier,srodgier1a@kickstarter.com,Male,"Stork, white-necked"
48,Cathrine,Iacapucci,ciacapucci1b@zdnet.com,Female,"Robin, white-throated"
49,Kermy,Liggett,kliggett1c@liveinternet.ru,Male,"Badger, honey"
50,Verina,Georgot,vgeorgot1d@amazon.co.uk,Female,"Pintail, white-cheeked"
51,Jeanelle,Liffey,jliffey1e@theatlantic.com,Female,Brown pelican
52,Ole,Harriss,oharriss1f@drupal.org,Male,"Stork, greater adjutant"
53,Hermia,Skedge,hskedge1g@ehow.com,Female,Gray rhea
54,Querida,Catton,qcatton1h@spotify.com,Female,"Zorro, common"
55,Dode,Rodder,drodder1i@artisteer.com,Female,"Turkey, australian brush"
56,Tabina,Hounsom,thounsom1j@epa.gov,Female,"Grouse, greater sage"
57,Bailie,Snasdell,bsnasdell1k@tumblr.com,Male,Monitor lizard (unidentified)
58,Filmer,McAsgill,fmcasgill1l@comsenz.com,Male,Small Indian mongoose
59,Lonnie,Denyakin,ldenyakin1m@pen.io,Female,Woylie
60,Derrik,Glander,dglander1n@apple.com,Male,Long-necked turtle
61,Harald,Tickle,htickle1o@hugedomains.com,Male,European spoonbill
62,Jackelyn,Keynes,jkeynes1p@whitehouse.gov,Female,Sambar
63,Luigi,Dobble,ldobble1q@cdc.gov,Male,"Brocket, red"
64,Paige,Berryann,pberryann1r@ask.com,Male,"Penguin, little blue"
65,Fletch,Biaggi,fbiaggi1s@phpbb.com,Male,Little blue penguin
66,Roscoe,Tapton,rtapton1t@google.de,Male,Palm squirrel
67,Vidovic,Lorman,vlorman1u@yelp.com,Male,"Colobus, black and white"
68,Claybourne,Ledley,cledley1v@princeton.edu,Male,Reindeer
69,Sybila,Walkinshaw,swalkinshaw1w@sbwire.com,Female,"Kingfisher, white-throated"
70,Danni,Rodolf,drodolf1x@blogger.com,Female,Crab-eating fox
71,Weider,Kubiczek,wkubiczek1y@dyndns.org,Male,"Sloth, two-toed"
72,Daveta,Ladson,dladson1z@state.gov,Female,Red-capped cardinal
73,Phyllys,Berthelet,pberthelet20@hibu.com,Female,Grizzly bear
74,Isahella,Scarlon,iscarlon21@bravesites.com,Female,Cape wild cat
75,Devin,Vurley,dvurley22@merriam-webster.com,Male,"Eagle, long-crested hawk"
76,Teddi,Vedyaev,tvedyaev23@cdbaby.com,Female,"Rattlesnake, horned"
77,Mariam,Pimerick,mpimerick24@auda.org.au,Female,Coqui francolin
78,Sauveur,Arnke,sarnke25@blog.com,Male,Pale white-eye
79,Jefferson,Bodiam,jbodiam26@creativecommons.org,Male,Black-necked stork
80,Raimondo,Livingston,rlivingston27@chronoengine.com,Male,"Seal, northern elephant"
81,Steffi,Saurat,ssaurat28@alibaba.com,Female,"Lizard, giant girdled"
82,Budd,Breens,bbreens29@shutterfly.com,Male,Little brown bat
83,Parrnell,Rhymes,prhymes2a@miitbeian.gov.cn,Male,"Gorilla, western lowland"
84,Lotte,Risso,lrisso2b@eepurl.com,Female,"Mynah, common"
85,Quent,Cheers,qcheers2c@usnews.com,Male,Mexican boa
86,Hurlee,Haggish,hhaggish2d@newsvine.com,Male,"Heron, yellow-crowned night"
87,Ruthann,Cassels,rcassels2e@imdb.com,Female,Eurasian red squirrel
88,Nell,Sewart,nsewart2f@google.com.au,Female,"Sunbird, lesser double-collared"
89,Kipper,Hadwick,khadwick2g@webs.com,Male,Common green iguana
90,Carol,Challicombe,cchallicombe2h@flavors.me,Female,"Stork, greater adjutant"
91,Jakob,Josland,jjosland2i@goo.gl,Male,Jaguar
92,Dermot,Lemary,dlemary2j@aol.com,Male,Zorilla
93,Carrol,Gribbell,cgribbell2k@umn.edu,Male,Eurasian badger
94,Katine,Laver,klaver2l@drupal.org,Female,Roseate cockatoo
95,Gena,Bett,gbett2m@t.co,Female,Red-knobbed coot
96,Wolfy,Corn,wcorn2n@google.co.jp,Male,European shelduck
97,Frederica,Hargreaves,fhargreaves2o@xing.com,Female,Jungle cat
98,Dame,Moral,dmoral2p@google.cn,Male,"Tortoise, galapagos"
99,Morey,Llorente,mllorente2q@ebay.co.uk,Male,Square-lipped rhinoceros
100,Kiri,Simnett,ksimnett2r@altervista.org,Female,Nile crocodile
101,Gretal,Eilhertsen,geilhertsen2s@ucoz.com,Female,"Seal, southern elephant"
102,Godfrey,Butterfield,gbutterfield2t@answers.com,Male,European red squirrel
103,Lombard,Whickman,lwhickman2u@issuu.com,Male,Rainbow lory
104,Gavin,Renac,grenac2v@wunderground.com,Male,"Starling, greater blue-eared"
105,Vanya,Eccersley,veccersley2w@live.com,Male,Polar bear
106,Abramo,Danilewicz,adanilewicz2x@usnews.com,Male,"Wallaby, whip-tailed"
107,Killie,Elvins,kelvins2y@europa.eu,Male,White-mantled colobus
108,Dacy,Andraud,dandraud2z@about.me,Female,Green-winged macaw
109,Austin,Schapero,aschapero30@printfriendly.com,Male,White-tailed deer
110,Michal,Latehouse,mlatehouse31@vkontakte.ru,Female,"Civet, common palm"
111,Pammi,Worsall,pworsall32@wix.com,Female,Indian mynah
112,Vidovik,Aldwich,valdwich33@walmart.com,Male,White rhinoceros
113,Elvira,Langlais,elanglais34@weebly.com,Female,Great white pelican
114,Krissie,Hill,khill35@behance.net,Female,"Cormorant, flightless"
115,Sollie,MacMenemy,smacmenemy36@w3.org,Male,Tyrant flycatcher
116,Ernie,McKenna,emckenna37@redcross.org,Male,Desert spiny lizard
117,Ailis,Tremellier,atremellier38@independent.co.uk,Female,Hottentot teal
118,Demetris,Ellcock,dellcock39@mashable.com,Female,Crested bunting
119,Chev,Bellini,cbellini3a@japanpost.jp,Male,"Moorhen, purple"
120,Zeke,Wethey,zwethey3b@ustream.tv,Male,"Deer, white-tailed"
121,Halli,Brainsby,hbrainsby3c@cnet.com,Female,"Grouse, sage"
122,Shirlee,Shout,sshout3d@webnode.com,Female,Black-tailed prairie dog
123,Rodina,Keeley,rkeeley3e@abc.net.au,Female,"Tortoise, galapagos"
124,Hector,Hawford,hhawford3f@mozilla.org,Male,Arctic lemming
125,Billie,Dalgarnowch,bdalgarnowch3g@google.pl,Female,Common shelduck
126,Renault,Seamons,rseamons3h@angelfire.com,Male,Columbian rainbow boa
127,Remus,Bussell,rbussell3i@ning.com,Male,"Ferret, black-footed"
128,Barthel,Voss,bvoss3j@dailymotion.com,Male,"Ibis, glossy"
129,Alvera,Suter,asuter3k@163.com,Female,"Turtle, long-necked"
130,Kandace,Lally,klally3l@dmoz.org,Female,Western pygmy possum
131,Darbee,Crumby,dcrumby3m@nba.com,Male,"Spider, wolf"
132,Myles,Ceschini,mceschini3n@istockphoto.com,Male,Pallas's fish eagle
133,Yuma,Biggs,ybiggs3o@tiny.cc,Male,Small Indian mongoose
134,Rorke,Brane,rbrane3p@irs.gov,Male,Yellow-billed stork
135,Phip,Axton,paxton3q@typepad.com,Male,"Lapwing, southern"
136,Judie,O'Breen,jobreen3r@cyberchimps.com,Female,Canadian tiger swallowtail butterfly
137,Sam,Benazet,sbenazet3s@virginia.edu,Female,"Lynx, african"
138,Tanitansy,Sprague,tsprague3t@boston.com,Female,European spoonbill
139,Pip,MacCrosson,pmaccrosson3u@blogs.com,Male,"Pelican, brown"
140,Joey,Laxen,jlaxen3v@mozilla.com,Male,"Constrictor, eastern boa"
141,Lewie,Coughlan,lcoughlan3w@rediff.com,Male,Red howler monkey
142,Serge,Duesberry,sduesberry3x@ning.com,Male,Polar bear
143,Lyndsey,Ralestone,lralestone3y@cocolog-nifty.com,Female,"Fox, pampa gray"
144,Gae,Geck,ggeck3z@trellian.com,Female,"Lechwe, kafue flats"
145,Ted,Ogglebie,togglebie40@mashable.com,Female,Gray rhea
146,Chas,Goncaves,cgoncaves41@independent.co.uk,Male,Great horned owl
147,Pet,Szepe,pszepe42@usnews.com,Female,Brown antechinus
148,Worden,Groves,wgroves43@ning.com,Male,Boat-billed heron
149,Malissa,Gummory,mgummory44@webmd.com,Female,Guerza
150,Monika,Cackett,mcackett45@theguardian.com,Female,"Macaw, green-winged"
151,Annnora,Novic,anovic46@netvibes.com,Female,Galapagos mockingbird
152,Glennis,Kuna,gkuna47@cyberchimps.com,Female,"Albatross, waved"
153,Elaina,Steffens,esteffens48@uol.com.br,Female,"Alligator, american"
154,Yancey,Quarton,yquarton49@nbcnews.com,Male,"Hornbill, red-billed"
155,Adolf,Peddel,apeddel4a@bluehost.com,Male,"Dove, galapagos"
156,Bonita,Limprecht,blimprecht4b@wordpress.com,Female,"Dolphin, striped"
157,Miriam,Eager,meager4c@w3.org,Female,Asian lion
158,Jourdain,Yakob,jyakob4d@php.net,Male,"Snake, buttermilk"
159,Cointon,Maskell,cmaskell4e@youtu.be,Male,Wild water buffalo
160,Dorie,Clooney,dclooney4f@google.co.uk,Female,Cobra (unidentified)
161,Violet,Brignall,vbrignall4g@engadget.com,Female,"Fox, crab-eating"
162,Witty,Gouly,wgouly4h@hubpages.com,Male,"Fox, north american red"
163,Eddie,Elvin,eelvin4i@oakley.com,Female,Silver-backed jackal
164,Wilek,Caughan,wcaughan4j@booking.com,Male,"Sandpiper, spotted wood"
165,Corena,Kermit,ckermit4k@a8.net,Female,"Antelope, sable"
166,Aldis,Myner,amyner4l@alibaba.com,Male,Egyptian cobra
167,Jenna,Wavell,jwavell4m@wiley.com,Female,Spotted wood sandpiper
168,Willa,Leirmonth,wleirmonth4n@moonfruit.com,Female,Bontebok
169,Cleon,Barnby,cbarnby4o@freewebs.com,Male,Sulfur-crested cockatoo
170,Petronia,Martusewicz,pmartusewicz4p@answers.com,Female,Mountain duck
171,Isis,Reddoch,ireddoch4q@census.gov,Female,"Flamingo, greater"
172,Jerrie,Beebe,jbeebe4r@ycombinator.com,Female,"Rhinoceros, white"
173,Kenon,Garman,kgarman4s@usa.gov,Male,"Tern, royal"
174,Patrica,Porcas,pporcas4t@admin.ch,Female,Meerkat
175,Oriana,Duckworth,oduckworth4u@howstuffworks.com,Female,"Owl, great horned"
176,Arin,Fronzek,afronzek4v@thetimes.co.uk,Male,"Squirrel, smith's bush"
177,Lorianna,Chewter,lchewter4w@mapy.cz,Female,House sparrow
178,Yance,O Mullen,yomullen4x@purevolume.com,Male,Four-striped grass mouse
179,Jermaine,O'dell,jodell4y@delicious.com,Male,"Lion, australian sea"
180,Cherry,Wooster,cwooster4z@cbc.ca,Female,Woolly-necked stork
181,Edith,Elfitt,eelfitt50@geocities.com,Female,Sage grouse
182,Natty,Duckitt,nduckitt51@umich.edu,Male,Lily trotter
183,Druci,Shivell,dshivell52@adobe.com,Female,"Tortoise, desert"
184,Wilow,Weight,wweight53@noaa.gov,Female,"Tortoise, galapagos"
185,Babbette,Thomelin,bthomelin54@noaa.gov,Female,"Rhinoceros, black"
186,Heath,MacAvaddy,hmacavaddy55@biglobe.ne.jp,Female,Steller's sea lion
187,Fay,Yurukhin,fyurukhin56@amazon.co.uk,Female,Bahama pintail
188,Bernadina,Ashard,bashard57@plala.or.jp,Female,"Hornbill, leadbeateri's ground"
189,Storm,Duffin,sduffin58@posterous.com,Female,Mississippi alligator
190,Myrtie,Maundrell,mmaundrell59@accuweather.com,Female,"Brocket, red"
191,Paquito,Tonn,ptonn5a@delicious.com,Male,"Lizard, goanna"
192,Garland,Edridge,gedridge5b@i2i.jp,Female,"Rattlesnake, dusky"
193,Lockwood,Benet,lbenet5c@mtv.com,Male,"Possum, pygmy"
194,Chancey,Bagnal,cbagnal5d@blog.com,Male,Burchell's gonolek
195,Curran,Durrand,cdurrand5e@wp.com,Male,Lava gull
196,Sollie,Di Biagio,sdibiagio5f@utexas.edu,Male,African lynx
197,Casandra,Hatherell,chatherell5g@vinaora.com,Female,"Godwit, hudsonian"
198,Laughton,Bingall,lbingall5h@shop-pro.jp,Male,Indian red admiral
199,Cirillo,McCadden,cmccadden5i@netscape.com,Male,Indian porcupine
200,Hallsy,Taffarello,htaffarello5j@usgs.gov,Male,"Owl, madagascar hawk"
201,Kelsy,Goldingay,kgoldingay5k@123-reg.co.uk,Female,Blue shark
202,Violante,Julian,vjulian5l@bloglines.com,Female,"Flicker, field"
203,Naomi,Eloi,neloi5m@netscape.com,Female,"Antelope, four-horned"
204,Marlie,Abden,mabden5n@flickr.com,Female,"Owl, great horned"
205,Belle,Bedle,bbedle5o@cmu.edu,Female,"Legaan, water"
206,Waylin,Geely,wgeely5p@vimeo.com,Male,Chestnut weaver
207,Constantia,Mansell,cmansell5q@mapquest.com,Female,"Lynx, african"
208,Nefen,Nickolls,nnickolls5r@msn.com,Male,Grey mouse lemur
209,Cathyleen,Herreran,cherreran5s@webeden.co.uk,Female,"Lion, south american sea"
210,Nanci,Buss,nbuss5t@examiner.com,Female,"Boa, mexican"
211,Rahel,Pettengell,rpettengell5u@msu.edu,Female,Red-cheeked cordon bleu
212,Des,Wicken,dwicken5v@hostgator.com,Male,Mountain lion
213,Leodora,Stanman,lstanman5w@engadget.com,Female,"Tenrec, tailless"
214,Carney,Dumbreck,cdumbreck5x@elpais.com,Male,"Brocket, red"
215,Devonne,Branney,dbranney5y@hibu.com,Female,"Armadillo, nine-banded"
216,Craggy,Dallin,cdallin5z@macromedia.com,Male,Glossy ibis
217,Marlo,Reeves,mreeves60@ask.com,Female,Pine siskin
218,Kaila,Strainge,kstrainge61@zimbio.com,Female,"Raccoon, crab-eating"
219,Cynthie,Attwool,cattwool62@oakley.com,Female,Malleefowl
220,Devora,Blowfelde,dblowfelde63@hubpages.com,Female,Feathertail glider
221,Hamnet,Colpus,hcolpus64@goodreads.com,Male,Sulfur-crested cockatoo
222,Ricca,Domenc,rdomenc65@sun.com,Female,"Gecko, bent-toed"
223,Frederic,Sinnatt,fsinnatt66@angelfire.com,Male,Nile crocodile
224,Phylys,Stackbridge,pstackbridge67@tmall.com,Female,Australian spiny anteater
225,Zarla,Danihel,zdanihel68@last.fm,Female,"Gnu, brindled"
226,Early,Reily,ereily69@issuu.com,Male,"Pademelon, red-legged"
227,Letti,Farthin,lfarthin6a@wsj.com,Female,"Weaver, red-billed buffalo"
228,Nessi,Ebrall,nebrall6b@about.me,Female,Red hartebeest
229,Elysee,Fraine,efraine6c@amazon.de,Female,Lesser masked weaver
230,Fredrick,Claricoates,fclaricoates6d@opensource.org,Male,Kalahari scrub robin
231,Marlee,Warby,mwarby6e@answers.com,Female,Australian sea lion
232,Bessie,Goranov,bgoranov6f@alexa.com,Female,Yellow-brown sungazer
233,Cinda,Kiss,ckiss6g@yellowbook.com,Female,Collared lizard
234,Orin,Paulet,opaulet6h@fc2.com,Male,Western palm tanager (unidentified)
235,Marrilee,Mathews,mmathews6i@bandcamp.com,Female,Pampa gray fox
236,Crystal,Toderini,ctoderini6j@unesco.org,Female,"Ibis, sacred"
237,Elnora,Furminger,efurminger6k@diigo.com,Female,Ringtail cat
238,Ferd,Tinker,ftinker6l@twitpic.com,Male,"Gazelle, grant's"
239,Cicily,Clarke-Williams,cclarkewilliams6m@seesaa.net,Female,Long-nosed bandicoot
240,Ab,Myrick,amyrick6n@alibaba.com,Male,Red-cheeked cordon bleu
241,Robena,Samsworth,rsamsworth6o@xrea.com,Female,Rufous-collared sparrow
242,Judas,Arrighetti,jarrighetti6p@360.cn,Male,Orca
243,Goldi,Voisey,gvoisey6q@webeden.co.uk,Female,"Heron, yellow-crowned night"
244,Micheal,Stirzaker,mstirzaker6r@w3.org,Male,"Monster, gila"
245,Archibald,Waters,awaters6s@mysql.com,Male,"Boa, columbian rainbow"
246,Susi,Maudett,smaudett6t@opera.com,Female,Common wombat
247,Darb,Shields,dshields6u@marriott.com,Female,"Wallaby, agile"
248,Dehlia,Liversage,dliversage6v@sciencedirect.com,Female,Northern elephant seal
249,Shaylah,Di Matteo,sdimatteo6w@pinterest.com,Female,Mexican beaded lizard
250,Raddie,Mowlam,rmowlam6x@nifty.com,Male,"Woodcock, american"
251,Ursa,Craise,ucraise6y@nhs.uk,Female,Northern phalarope
252,Randolf,Pinder,rpinder6z@webmd.com,Male,Arctic fox
253,Jeri,Kobelt,jkobelt70@mayoclinic.com,Female,"Toucan, red-billed"
254,Merrily,Killingbeck,mkillingbeck71@domainmarket.com,Female,African ground squirrel (unidentified)
255,Culley,Kachel,ckachel72@last.fm,Male,Small Indian mongoose
256,Nicol,Leyrroyd,nleyrroyd73@freewebs.com,Male,Sambar
257,Paulo,Robel,probel74@cloudflare.com,Male,"Otter, canadian river"
258,Hector,Puleston,hpuleston75@salon.com,Male,Bennett's wallaby
259,Zia,Weightman,zweightman76@cmu.edu,Female,Bottle-nose dolphin
260,Cory,Bergeon,cbergeon77@xrea.com,Male,Black-necked stork
261,Ware,Hordle,whordle78@webeden.co.uk,Male,Blue-faced booby
262,Percy,MacClay,pmacclay79@newsvine.com,Male,Giant armadillo
263,Berny,Smyth,bsmyth7a@ow.ly,Male,Wood pigeon
264,Giffie,Radage,gradage7b@bloglines.com,Male,Gulls (unidentified)
265,Maggie,Ewells,mewells7c@digg.com,Female,Red-tailed wambenger
266,Beilul,Jacmar,bjacmar7d@weebly.com,Female,"Fox, asian red"
267,Kora,Sigg,ksigg7e@issuu.com,Female,Water legaan
268,Dorie,Learmouth,dlearmouth7f@123-reg.co.uk,Female,Nine-banded armadillo
269,Chickie,Ruspine,cruspine7g@squarespace.com,Female,"Beaver, north american"
270,Susy,Heathwood,sheathwood7h@netvibes.com,Female,"Vulture, white-rumped"
271,Brendin,Felgate,bfelgate7i@behance.net,Male,"Heron, giant"
272,Valentina,Malicki,vmalicki7j@wp.com,Female,White-winged black tern
273,Amaleta,Mattiuzzi,amattiuzzi7k@nyu.edu,Female,Black-winged stilt
274,Stanislaus,Lube,slube7l@dailymail.co.uk,Male,"Squirrel, red"
275,Mallory,Ballin,mballin7m@is.gd,Female,Savannah deer (unidentified)
276,Lester,Vasyukhin,lvasyukhin7n@surveymonkey.com,Male,Giant anteater
277,Morgan,Minet,mminet7o@t.co,Female,"Grebe, little"
278,Warden,Thaxter,wthaxter7p@statcounter.com,Male,Orca
279,Jada,Hebden,jhebden7q@barnesandnoble.com,Female,South American meadowlark (unidentified)
280,Perl,Briars,pbriars7r@wikipedia.org,Female,Springbok
281,Johann,Clousley,jclousley7s@lycos.com,Male,Carpet python
282,Linoel,Blindt,lblindt7t@intel.com,Male,Asian lion
283,Druci,Hackworthy,dhackworthy7u@cnn.com,Female,"Duiker, gray"
284,Trudey,Bottom,tbottom7v@sciencedaily.com,Female,"Swan, trumpeter"
285,Cloe,Steen,csteen7w@comsenz.com,Female,"Porcupine, north american"
286,De,Thynn,dthynn7x@nationalgeographic.com,Female,Kongoni
287,Merna,Shetliff,mshetliff7y@patch.com,Female,Squirrel glider
288,Abeu,Clemetts,aclemetts7z@skype.com,Male,"Raven, cape"
289,Devland,Petera,dpetera80@gnu.org,Male,Snowy sheathbill
290,Guthrie,Ivetts,givetts81@comcast.net,Male,Puku
291,Parry,Riba,priba82@netlog.com,Male,"Skimmer, four-spotted"
292,Wallie,Fountain,wfountain83@ovh.net,Male,White-headed vulture
293,Dame,Hadny,dhadny84@amazon.co.jp,Male,"Crow, pied"
294,Alyda,Benoit,abenoit85@jigsy.com,Female,Coyote
295,Darb,Gissing,dgissing86@google.cn,Female,Common eland
296,Lonnard,Reedyhough,lreedyhough87@slashdot.org,Male,"Mongoose, banded"
297,Vivien,Nezey,vnezey88@sina.com.cn,Female,Ring dove
298,Valera,Cockman,vcockman89@google.com.au,Female,Orca
299,Rufus,Antao,rantao8a@mail.ru,Male,"Vulture, black"
300,Keene,Mossom,kmossom8b@elegantthemes.com,Male,"Duiker, common"
301,Cherin,Oiseau,coiseau8c@miitbeian.gov.cn,Female,"Stork, woolly-necked"
302,Guendolen,Boyett,gboyett8d@redcross.org,Female,"Francolin, swainson's"
303,Roger,Itscowicz,ritscowicz8e@bbb.org,Male,Gaur
304,Jerome,Cothey,jcothey8f@so-net.ne.jp,Male,"Squirrel, indian giant"
305,Smitty,Tilford,stilford8g@webmd.com,Male,Crested bunting
306,Nanon,Peret,nperet8h@hud.gov,Female,"Bulbul, african red-eyed"
307,Diarmid,Nobriga,dnobriga8i@usa.gov,Male,"Macaque, pig-tailed"
308,Tadio,Woodcraft,twoodcraft8j@umn.edu,Male,"Lemur, ring-tailed"
309,Gaspar,Cranson,gcranson8k@eepurl.com,Male,"Gecko, ring-tailed"
310,Yasmeen,Grattage,ygrattage8l@acquirethisname.com,Female,"Starling, greater blue-eared"
311,Joyce,Karpychev,jkarpychev8m@who.int,Female,Numbat
312,Malchy,Stuttard,mstuttard8n@google.es,Male,Impala
313,Arielle,Rosedale,arosedale8o@google.com,Female,Raccoon dog
314,Dina,Kmieciak,dkmieciak8p@hugedomains.com,Female,Dark-winged trumpeter
315,Gerek,Joire,gjoire8q@wired.com,Male,"Goose, cereopsis"
316,Normand,Salazar,nsalazar8r@domainmarket.com,Male,Roe deer
317,Remington,Wantling,rwantling8s@discovery.com,Male,"Catfish, blue"
318,Burnard,Tivnan,btivnan8t@phpbb.com,Male,"Hedgehog, south african"
319,Stanislaw,Sudran,ssudran8u@youtube.com,Male,Great skua
320,Giuditta,Godball,ggodball8v@cdbaby.com,Female,"Bee-eater, white-fronted"
321,Pavel,Buddles,pbuddles8w@illinois.edu,Male,Lapwing (unidentified)
322,Moyra,Portwaine,mportwaine8x@jimdo.com,Female,Dusky gull
323,Neron,Cromley,ncromley8y@cam.ac.uk,Male,Yellow-throated sandgrouse
324,Steffane,Cutforth,scutforth8z@desdev.cn,Female,Common duiker
325,Rosabel,Wilton,rwilton90@hc360.com,Female,Blue shark
326,Isadore,Boak,iboak91@a8.net,Male,Feathertail glider
327,Meggie,Eaden,meaden92@lulu.com,Female,Galapagos albatross
328,Con,Vowels,cvowels93@moonfruit.com,Female,North American river otter
329,Flore,Stuchbery,fstuchbery94@vistaprint.com,Female,"Ibis, glossy"
330,Garrek,Lewendon,glewendon95@photobucket.com,Male,"Starfish, crown of thorns"
331,Abagael,Falck,afalck96@trellian.com,Female,Vine snake (unidentified)
332,Barrie,Money,bmoney97@google.es,Female,Darwin ground finch (unidentified)
333,Thor,Steffens,tsteffens98@si.edu,Male,"Quoll, spotted-tailed"
334,Jere,Quinion,jquinion99@go.com,Female,Columbian rainbow boa
335,Gordie,Timbridge,gtimbridge9a@hibu.com,Male,"Dolphin, common"
336,Foss,Bloore,fbloore9b@fema.gov,Male,"Caiman, spectacled"
337,Tibold,Stower,tstower9c@booking.com,Male,"Crane, brolga"
338,Mendel,Bohey,mbohey9d@guardian.co.uk,Male,Coyote
339,Channa,Kinnach,ckinnach9e@theglobeandmail.com,Female,"Quoll, eastern"
340,Maury,Gibbieson,mgibbieson9f@illinois.edu,Male,"Sungazer, yellow-brown"
341,Maddy,Silman,msilman9g@artisteer.com,Male,"Fowl, helmeted guinea"
342,Estel,Sherwin,esherwin9h@ucsd.edu,Female,"Pie, rufous tree"
343,Florida,Covolini,fcovolini9i@nbcnews.com,Female,"Dove, mourning collared"
344,Zuzana,Silverlock,zsilverlock9j@dailymail.co.uk,Female,Little heron
345,Anthe,Herity,aherity9k@weather.com,Female,Yellow-billed stork
346,Sandy,Colwell,scolwell9l@is.gd,Female,King vulture
347,Noell,Hiseman,nhiseman9m@people.com.cn,Female,"Hornbill, southern ground"
348,Arly,Pfeffer,apfeffer9n@webnode.com,Female,"Eagle, golden"
349,Kim,Lothean,klothean9o@squidoo.com,Male,"Snake, racer"
350,Ogden,Moine,omoine9p@skyrock.com,Male,"Tortoise, radiated"
351,Hugibert,Kayne,hkayne9q@oakley.com,Male,"Bear, black"
352,Dunc,Edmondson,dedmondson9r@imageshack.us,Male,Cape wild cat
353,Connie,Melloy,cmelloy9s@seattletimes.com,Male,Pampa gray fox
354,Candra,Ovey,covey9t@dailymail.co.uk,Female,"Lion, steller sea"
355,Lori,Limon,llimon9u@baidu.com,Female,Common ringtail
356,Cynthia,Cranke,ccranke9v@usa.gov,Female,"Snake, carpet"
357,Viki,Dedmam,vdedmam9w@wikipedia.org,Female,"Cat, native"
358,Ardene,Ingle,aingle9x@arstechnica.com,Female,Sloth bear
359,Reube,Ratlee,rratlee9y@independent.co.uk,Male,"Lizard, collared"
360,Rosamond,Tebbut,rtebbut9z@pbs.org,Female,"Lion, south american sea"
361,Janie,Machel,jmachela0@blinklist.com,Female,"Pintail, white-cheeked"
362,Marco,Connerry,mconnerrya1@utexas.edu,Male,Kirk's dik dik
363,Panchito,Muscat,pmuscata2@4shared.com,Male,Roseate cockatoo
364,Ahmed,St Clair,astclaira3@salon.com,Male,"Wallaby, bennett's"
365,Vasilis,Foran,vforana4@imgur.com,Male,"Cockatoo, red-breasted"
366,Teresita,Gyles,tgylesa5@google.nl,Female,"Falcon, prairie"
367,Adlai,Growcott,agrowcotta6@unc.edu,Male,"Rhinoceros, white"
368,Ingra,Dmisek,idmiseka7@nba.com,Male,Brush-tailed bettong
369,Irv,Adnams,iadnamsa8@europa.eu,Male,"Gull, lava"
370,Paige,Winters,pwintersa9@weebly.com,Male,Ostrich
371,Jenni,Bodell,jbodellaa@umn.edu,Female,"Rattlesnake, dusky"
372,Giordano,Smissen,gsmissenab@w3.org,Male,"Monkey, vervet"
373,Emmott,Fincham,efinchamac@jiathis.com,Male,Red-billed buffalo weaver
374,Kennedy,Illem,killemad@baidu.com,Male,"Kangaroo, red"
375,Marris,Bescoby,mbescobyae@mail.ru,Female,Prairie falcon
376,Caprice,Brittles,cbrittlesaf@surveymonkey.com,Female,Four-striped grass mouse
377,Iolanthe,Fullagar,ifullagarag@privacy.gov.au,Female,"Oryx, fringe-eared"
378,Luca,Antognozzii,lantognozziiah@alibaba.com,Male,Rock dove
379,Land,Skinley,lskinleyai@ucoz.com,Male,Eastern dwarf mongoose
380,Lewie,Brixey,lbrixeyaj@lulu.com,Male,Paddy heron (unidentified)
381,Francklin,Pinkie,fpinkieak@cbsnews.com,Male,"Crane, brolga"
382,Dorian,De Minico,ddeminicoal@freewebs.com,Female,Stanley bustard
383,Josefina,Vallentine,jvallentineam@creativecommons.org,Female,"Gecko, barking"
384,Willyt,Frantzen,wfrantzenan@behance.net,Female,Sportive lemur
385,Florance,Lainton,flaintonao@mediafire.com,Female,Vicuna
386,Rip,Darlasson,rdarlassonap@weebly.com,Male,Grey mouse lemur
387,Nobie,Inns,ninnsaq@bigcartel.com,Male,Tayra
388,Christy,MacCathay,cmaccathayar@macromedia.com,Female,"Langur, common"
389,Francene,Robelet,frobeletas@youku.com,Female,Malachite kingfisher
390,Raquela,Elven,relvenat@myspace.com,Female,Steller sea lion
391,Trevor,Ciementini,tciementiniau@apache.org,Male,"Crow, house"
392,Federico,Limerick,flimerickav@webnode.com,Male,Capybara
393,Karleen,Preddle,kpreddleaw@google.ru,Female,Collared lemming
394,Erina,Gillise,egilliseax@last.fm,Female,"Caiman, spectacled"
395,Chic,Bonnet,cbonnetay@canalblog.com,Male,"Caracara, yellow-headed"
396,Lura,Kittles,lkittlesaz@cdbaby.com,Female,"Eagle, bald"
397,Mercy,Moggach,mmoggachb0@so-net.ne.jp,Female,"Coatimundi, white-nosed"
398,Bobina,Dunlap,bdunlapb1@123-reg.co.uk,Female,Red-breasted nuthatch
399,Aguste,Galland,agallandb2@patch.com,Male,Crested porcupine
400,Laryssa,Aberkirdo,laberkirdob3@instagram.com,Female,"Cow, scottish highland"
401,Rodolphe,Littlejohns,rlittlejohnsb4@qq.com,Male,Galapagos penguin
402,Chickie,Batie,cbatieb5@paypal.com,Male,"Iguana, land"
403,Jules,Strodder,jstrodderb6@spiegel.de,Male,Dusky gull
404,Bessie,Sidary,bsidaryb7@github.io,Female,Oriental white-backed vulture
405,Kayla,Alderman,kaldermanb8@sogou.com,Female,Common waterbuck
406,Ferd,Gunn,fgunnb9@storify.com,Male,Bengal vulture
407,Floyd,Stock,fstockba@virginia.edu,Male,"Ox, musk"
408,Milka,Follet,mfolletbb@earthlink.net,Female,"Egret, snowy"
409,Philip,Misken,pmiskenbc@upenn.edu,Male,"Tern, white-winged"
410,Nestor,Rawdales,nrawdalesbd@yellowbook.com,Male,Racer snake
411,Germain,O' Clovan,goclovanbe@reverbnation.com,Female,Australian pelican
412,Rudolfo,Cotman,rcotmanbf@go.com,Male,Agile wallaby
413,Dollie,Rawlins,drawlinsbg@rakuten.co.jp,Female,"Lory, rainbow"
414,Yolanda,Sherman,yshermanbh@aol.com,Female,"Oryx, beisa"
415,Lina,Creer,lcreerbi@quantcast.com,Female,"Phalarope, red-necked"
416,Pebrook,Moneti,pmonetibj@so-net.ne.jp,Male,Openbill stork
417,Nelly,Woofendell,nwoofendellbk@com.com,Female,Wattled crane
418,Ulrick,Lamers,ulamersbl@angelfire.com,Male,Mourning collared dove
419,Blythe,Halloway,bhallowaybm@plala.or.jp,Female,Southern sea lion
420,Tan,Dunn,tdunnbn@prweb.com,Male,"Armadillo, nine-banded"
421,Wilmer,Fraschetti,wfraschettibo@state.gov,Male,"Meerkat, red"
422,Asa,Trodden,atroddenbp@i2i.jp,Male,"Tamandua, southern"
423,Arlan,Pavluk,apavlukbq@toplist.cz,Male,Red-tailed wambenger
424,Rosemaria,Brinkman,rbrinkmanbr@blogspot.com,Female,"Glider, sugar"
425,Robinson,Gowers,rgowersbs@craigslist.org,Male,Yak
426,Gerladina,Muglestone,gmuglestonebt@ibm.com,Female,Yellow baboon
427,Granville,Malec,gmalecbu@pen.io,Male,Impala
428,Justis,Ferraretto,jferrarettobv@tinyurl.com,Male,Greater rhea
429,Fawne,McCart,fmccartbw@google.it,Female,"Squirrel, pine"
430,Wendie,Kinzel,wkinzelbx@example.com,Female,Hoary marmot
431,Ivett,Macklin,imacklinby@weebly.com,Female,"Elephant, asian"
432,Cassaundra,Gillian,cgillianbz@deliciousdays.com,Female,Lapwing (unidentified)
433,Bellina,Trazzi,btrazzic0@creativecommons.org,Female,"Heron, gray"
434,Bernadette,Kubera,bkuberac1@xinhuanet.com,Female,"Spurfowl, yellow-necked"
435,Conny,Rozsa,crozsac2@mozilla.com,Female,Arctic hare
436,Brigham,Bubb,bbubbc3@weibo.com,Male,Black swan
437,Lillian,Tarbard,ltarbardc4@twitter.com,Female,Magellanic penguin
438,Chantal,Brawley,cbrawleyc5@alibaba.com,Female,Gerenuk
439,Madelaine,Thowless,mthowlessc6@oaic.gov.au,Female,"Langur, common"
440,Joannes,Will,jwillc7@example.com,Female,"Cardinal, black-throated"
441,Lishe,Gantzer,lgantzerc8@huffingtonpost.com,Female,Greater flamingo
442,Caryl,Sedgmond,csedgmondc9@dedecms.com,Male,Common raccoon
443,Dalt,Hyde,dhydeca@latimes.com,Male,Red brocket
444,Quent,Navarijo,qnavarijocb@tuttocitta.it,Male,"Macaw, blue and gold"
445,Eolande,Redsull,eredsullcc@sitemeter.com,Female,Roan antelope
446,Tan,Alexsandrev,talexsandrevcd@theglobeandmail.com,Male,African black crake
447,Katalin,Stearnes,kstearnesce@1688.com,Female,"Curlew, black"
448,Retha,Spyby,rspybycf@wp.com,Female,Crab-eating raccoon
449,Danny,Nice,dnicecg@hugedomains.com,Male,Emerald-spotted wood dove
450,Caressa,Doy,cdoych@artisteer.com,Female,"Baboon, yellow"
451,Margi,Devinn,mdevinnci@xinhuanet.com,Female,Rufous tree pie
452,Bertram,Peizer,bpeizercj@un.org,Male,Nelson ground squirrel
453,Mehetabel,Getcliffe,mgetcliffeck@symantec.com,Female,Native cat
454,Lynna,Pafford,lpaffordcl@scribd.com,Female,Black-crowned crane
455,Demetre,Gumey,dgumeycm@amazon.com,Male,"Eagle, pallas's fish"
456,Tara,Ager,tagercn@economist.com,Female,Bengal vulture
457,Kent,MacNeely,kmacneelyco@dion.ne.jp,Male,Olive baboon
458,Meghan,Jambrozek,mjambrozekcp@tumblr.com,Female,"Egret, snowy"
459,Orsola,Risborough,orisboroughcq@ebay.co.uk,Female,"Cardinal, red-capped"
460,Gleda,Salsberg,gsalsbergcr@qq.com,Female,"Hare, arctic"
461,Ashlie,Wheelband,awheelbandcs@nature.com,Female,Crested barbet
462,Shirley,Pyford,spyfordct@desdev.cn,Female,Egyptian goose
463,Krystal,Spinnace,kspinnacecu@ovh.net,Female,"Colobus, magistrate black"
464,Jody,Salan,jsalancv@amazon.co.jp,Male,Pygmy possum
465,Erik,Heymes,eheymescw@epa.gov,Male,"Falcon, prairie"
466,Lancelot,Senton,lsentoncx@bbc.co.uk,Male,Swallow (unidentified)
467,Grantley,Tolumello,gtolumellocy@reddit.com,Male,African bush squirrel
468,Gwyneth,Witsey,gwitseycz@cocolog-nifty.com,Female,"Vulture, bengal"
469,Lebbie,MacTimpany,lmactimpanyd0@tmall.com,Female,Grey mouse lemur
470,Purcell,Papez,ppapezd1@bing.com,Male,"Cormorant, javanese"
471,Gunther,Menendez,gmenendezd2@pen.io,Male,Blue shark
472,Cary,Gunning,cgunningd3@topsy.com,Male,Spotted-tailed quoll
473,Papagena,Caddock,pcaddockd4@biglobe.ne.jp,Female,Golden brush-tailed possum
474,Patrice,Scampion,pscampiond5@sitemeter.com,Female,Urial
475,Velma,Ragles,vraglesd6@unc.edu,Female,"Bird, magnificent frigate"
476,Minerva,Izkoveski,mizkoveskid7@prlog.org,Female,"Otter, small-clawed"
477,Hans,Thaine,hthained8@bbb.org,Male,Snowy owl
478,Eden,Timberlake,etimberlaked9@imdb.com,Female,"Gull, pacific"
479,Kendrick,Ingliby,kinglibyda@printfriendly.com,Male,Plains zebra
480,Niki,Baitson,nbaitsondb@sphinn.com,Female,"Vulture, white-headed"
481,Evvy,Toolan,etoolandc@shareasale.com,Female,"Bear, sloth"
482,Putnem,Ebrall,pebralldd@thetimes.co.uk,Male,Hottentot teal
483,Dal,Probart,dprobartde@instagram.com,Male,"Ringtail, common"
484,Clea,Pristnor,cpristnordf@netscape.com,Female,White-necked stork
485,Brittne,Ivanyushin,bivanyushindg@cam.ac.uk,Female,Common eland
486,Jemmie,Sandeland,jsandelanddh@cornell.edu,Female,"Fox, bat-eared"
487,Ethelind,Pragnell,epragnelldi@narod.ru,Female,"Marshbird, brown and yellow"
488,Frans,Duddin,fduddindj@ftc.gov,Male,"Macaque, bonnet"
489,Trenton,Matthis,tmatthisdk@instagram.com,Male,Bengal vulture
490,Latashia,Rossbrooke,lrossbrookedl@howstuffworks.com,Female,"Badger, eurasian"
491,Vivie,Saill,vsailldm@java.com,Female,"Wallaby, dama"
492,Murvyn,Cressy,mcressydn@uiuc.edu,Male,Crab-eating raccoon
493,Nerte,Hyams,nhyamsdo@princeton.edu,Female,White-headed vulture
494,Dare,Giamuzzo,dgiamuzzodp@amazon.co.jp,Male,Red-billed hornbill
495,Winna,Gostyke,wgostykedq@aol.com,Female,Adouri (unidentified)
496,Kathryn,Tanton,ktantondr@taobao.com,Female,Sage hen
497,Charline,Cooksey,ccookseyds@hexun.com,Female,Black-necked stork
498,Jamey,Bougourd,jbougourddt@slideshare.net,Male,"Robin, white-throated"
499,Zachariah,Hodge,zhodgedu@etsy.com,Male,Hummingbird (unidentified)
500,Glenine,Cadge,gcadgedv@amazon.com,Female,"Civet, small-toothed palm"
501,Guido,Dmisek,gdmisekdw@hatena.ne.jp,Male,"Ibis, glossy"
502,Regina,Housley,rhousleydx@storify.com,Female,Gila monster
503,Dinah,Rubinow,drubinowdy@jimdo.com,Female,"Buffalo, asian water"
504,Bonnie,Daftor,bdaftordz@irs.gov,Female,"Marten, american"
505,Guss,Krolman,gkrolmane0@eventbrite.com,Male,"Tern, white-winged black"
506,Lynne,Kroon,lkroone1@about.com,Female,"Vulture, turkey"
507,Warde,Dorney,wdorneye2@senate.gov,Male,"Screamer, crested"
508,Tedda,Deaves,tdeavese3@jigsy.com,Female,Nile crocodile
509,Romonda,Lugg,rlugge4@yelp.com,Female,Topi
510,Farr,Burgoine,fburgoinee5@smh.com.au,Male,Red-necked wallaby
511,Pennie,Gabbett,pgabbette6@earthlink.net,Female,European badger
512,Cristobal,Yurenev,cyureneve7@marketwatch.com,Male,Cereopsis goose
513,Dunc,Morais,dmoraise8@google.de,Male,Ring-necked pheasant
514,L;urette,Joddins,ljoddinse9@utexas.edu,Female,Racer snake
515,Sarene,Begg,sbeggea@google.co.uk,Female,"White-eye, pale"
516,Alverta,Garnsworth,agarnswortheb@forbes.com,Female,Margay
517,Ingunna,Sambles,isamblesec@phpbb.com,Female,"Crane, wattled"
518,Alvinia,Moye,amoyeed@aol.com,Female,Roan antelope
519,Wilmer,Rimmington,wrimmingtonee@springer.com,Male,Javanese cormorant
520,Ali,Blowes,ablowesef@altervista.org,Female,Common wombat
521,Gloriane,Taree,gtareeeg@timesonline.co.uk,Female,Black-collared barbet
522,Ainsley,Presslie,apresslieeh@answers.com,Female,Common wombat
523,Nil,Endle,nendleei@sourceforge.net,Male,Grison
524,Rebecka,Gash,rgashej@abc.net.au,Female,"Cardinal, red-capped"
525,Carree,Khomich,ckhomichek@slate.com,Female,"Elephant, african"
526,Chicky,Skidmore,cskidmoreel@youtu.be,Female,"Dove, little brown"
527,Leontine,Searby,lsearbyem@symantec.com,Female,Cape wild cat
528,Jessie,Depka,jdepkaen@xrea.com,Female,Pied crow
529,Dani,Hasker,dhaskereo@cam.ac.uk,Male,White-headed vulture
530,Jillian,Upcott,jupcottep@tmall.com,Female,Banded mongoose
531,Lanette,Springle,lspringleeq@yahoo.co.jp,Female,"Rabbit, eastern cottontail"
532,Candie,Dadds,cdaddser@disqus.com,Female,"Deer, white-tailed"
533,Jarad,Cherrett,jcherrettes@gov.uk,Male,Black-cheeked waxbill
534,Tamara,Saintpierre,tsaintpierreet@paginegialle.it,Female,Brush-tailed rat kangaroo
535,Jarib,Pyatt,jpyatteu@constantcontact.com,Male,"Elephant, african"
536,Had,Khomishin,hkhomishinev@nyu.edu,Male,"Possum, golden brush-tailed"
537,Armstrong,Rosettini,arosettiniew@yahoo.com,Male,"Marshbird, brown and yellow"
538,Barbabra,Godbolt,bgodboltex@pen.io,Female,Bird (unidentified)
539,Matilde,Arnoll,marnolley@aboutads.info,Female,African bush squirrel
540,Nina,Gebhard,ngebhardez@nature.com,Female,"Fox, north american red"
541,Kevyn,Motion,kmotionf0@nasa.gov,Female,"Deer, mule"
542,Gawen,Limerick,glimerickf1@example.com,Male,"Lemur, ring-tailed"
543,Shaw,Chill,schillf2@mashable.com,Male,"Corella, long-billed"
544,Liuka,McRannell,lmcrannellf3@phpbb.com,Female,"Roadrunner, greater"
545,Hunt,Durnian,hdurnianf4@symantec.com,Male,Mouflon
546,Miguela,Godlip,mgodlipf5@pcworld.com,Female,"Glider, squirrel"
547,Elisa,Liccardi,eliccardif6@geocities.jp,Female,Northern phalarope
548,Jethro,Pigeon,jpigeonf7@hc360.com,Male,Euro wallaby
549,Abby,Chate,achatef8@gravatar.com,Male,Desert tortoise
550,Sheffy,Vynehall,svynehallf9@flavors.me,Male,Swallow (unidentified)
551,Dew,Edmett,dedmettfa@twitpic.com,Male,"Wagtail, african pied"
552,Ody,Domnick,odomnickfb@noaa.gov,Male,Chestnut weaver
553,Mill,Aleveque,malevequefc@census.gov,Male,"Deer, black-tailed"
554,Carlotta,Alpe,calpefd@goodreads.com,Female,Arboral spiny rat
555,Hillyer,Bernardet,hbernardetfe@digg.com,Male,American Virginia opossum
556,Kincaid,Hirsch,khirschff@about.com,Male,Cape wild cat
557,Pepe,Matusovsky,pmatusovskyfg@fastcompany.com,Male,"Weaver, white-browed sparrow"
558,Jefferey,Penhall,jpenhallfh@nih.gov,Male,Red-necked phalarope
559,Menard,Robertis,mrobertisfi@twitpic.com,Male,"Cat, long-tailed spotted"
560,Tobias,Targetter,ttargetterfj@miibeian.gov.cn,Male,White-throated toucan
561,Ignazio,Gaine of England,igaineofenglandfk@nationalgeographic.com,Male,"Goose, knob-nosed"
562,Tobias,Loynes,tloynesfl@example.com,Male,"Caracara, yellow-headed"
563,Wood,Phipson,wphipsonfm@gov.uk,Male,Northern fur seal
564,Ericka,Ganniclifft,eganniclifftfn@slideshare.net,Female,"Robin, kalahari scrub"
565,Florenza,Hurler,fhurlerfo@cornell.edu,Female,"Gull, swallow-tail"
566,Stafani,Hartzogs,shartzogsfp@state.tx.us,Female,Sun gazer
567,Cecilio,McTague,cmctaguefq@paypal.com,Male,Margay
568,Kristel,Gatherell,kgatherellfr@shinystat.com,Female,"Squirrel, pine"
569,Yevette,Lehrmann,ylehrmannfs@com.com,Female,Marabou stork
570,Nanci,Yakebovich,nyakebovichft@aol.com,Female,"Oryx, fringe-eared"
571,Jayson,Ruberry,jruberryfu@reddit.com,Male,"Heron, gray"
572,Mehetabel,Skeel,mskeelfv@squidoo.com,Female,"Vulture, white-headed"
573,Andrea,Ranking,arankingfw@bing.com,Male,"Goose, snow"
574,Conrade,Winckle,cwincklefx@wufoo.com,Male,Red-breasted cockatoo
575,Caralie,Runchman,crunchmanfy@tinyurl.com,Female,"Bear, grizzly"
576,Neile,O' Dooley,nodooleyfz@shutterfly.com,Female,"Chipmunk, least"
577,Nikolas,Anthes,nanthesg0@geocities.com,Male,Striped dolphin
578,Danie,Cutting,dcuttingg1@virginia.edu,Male,"Hartebeest, red"
579,Odey,Chark,ocharkg2@nasa.gov,Male,Gray duiker
580,Ailey,Decreuze,adecreuzeg3@hubpages.com,Female,Grey mouse lemur
581,Emmery,Suggey,esuggeyg4@vimeo.com,Male,Woolly-necked stork
582,Ralph,Muge,rmugeg5@gmpg.org,Male,"Tern, arctic"
583,Levi,Mills,lmillsg6@123-reg.co.uk,Male,"Fox, savanna"
584,Jandy,Regi,jregig7@4shared.com,Female,"Teal, hottentot"
585,Nike,Millsap,nmillsapg8@pinterest.com,Female,"Kingfisher, malachite"
586,Silva,Patching,spatchingg9@abc.net.au,Female,"Antechinus, brown"
587,Jon,Kirtley,jkirtleyga@apple.com,Male,Cougar
588,Teddi,Gajewski,tgajewskigb@furl.net,Female,Ornate rock dragon
589,Carena,McLane,cmclanegc@bloomberg.com,Female,Crested screamer
590,Rudy,Samsonsen,rsamsonsengd@amazon.com,Male,"Tortoise, desert"
591,Georgianna,Gleder,gglederge@multiply.com,Female,Gelada baboon
592,Selig,Maureen,smaureengf@independent.co.uk,Male,Eastern box turtle
593,Ynez,Alejandro,yalejandrogg@dion.ne.jp,Female,Green-winged macaw
594,Jessie,Morison,jmorisongh@mayoclinic.com,Male,"Wolf, timber"
595,Nomi,Hain,nhaingi@sbwire.com,Female,Wood pigeon
596,Robin,Steggals,rsteggalsgj@woothemes.com,Male,Smith's bush squirrel
597,Janeczka,Philips,jphilipsgk@homestead.com,Female,Rock dove
598,Wald,Zollner,wzollnergl@vimeo.com,Male,Emerald green tree boa
599,Harris,Swaton,hswatongm@1und1.de,Male,"Booby, blue-faced"
600,Gaspard,Wickwar,gwickwargn@histats.com,Male,"Monkey, vervet"
601,Idette,Iacovides,iiacovidesgo@gravatar.com,Female,Roe deer
602,Georgiana,Durman,gdurmangp@engadget.com,Female,Common melba finch
603,Consalve,Coneybeer,cconeybeergq@mapy.cz,Male,Oribi
604,Antonia,Winram,awinramgr@usa.gov,Female,"Macaque, pig-tailed"
605,Liam,Sobtka,lsobtkags@engadget.com,Male,"Screamer, southern"
606,Davidson,Durrell,ddurrellgt@themeforest.net,Male,"Armadillo, seven-banded"
607,Maddie,Castaneda,mcastanedagu@shop-pro.jp,Male,Red-knobbed coot
608,Laurene,Mowbray,lmowbraygv@cpanel.net,Female,"Sloth, hoffman's"
609,Josy,Menco,jmencogw@surveymonkey.com,Female,"Moccasin, water"
610,Priscella,Waywell,pwaywellgx@netlog.com,Female,"Weaver, red-billed buffalo"
611,Perry,Clynter,pclyntergy@nps.gov,Female,"Dragon, komodo"
612,Virgie,Jaycock,vjaycockgz@cbslocal.com,Male,Mouflon
613,Sylvia,Studart,sstudarth0@shareasale.com,Female,Chestnut weaver
614,Charyl,Ropkes,cropkesh1@phpbb.com,Female,Eastern boa constrictor
615,Cristabel,Husthwaite,chusthwaiteh2@examiner.com,Female,Southern lapwing
616,Lydon,Steffens,lsteffensh3@uiuc.edu,Male,"Stork, painted"
617,Athena,Hallstone,ahallstoneh4@google.it,Female,"Goose, cereopsis"
618,Gustave,McGettigan,gmcgettiganh5@rakuten.co.jp,Male,"Starfish, crown of thorns"
619,Kaitlynn,Nield,knieldh6@imageshack.us,Female,Sambar
620,Beale,Dunklee,bdunkleeh7@mozilla.org,Male,"Cat, tiger"
621,Glory,Ellins,gellinsh8@sourceforge.net,Female,"Vulture, oriental white-backed"
622,Melonie,Pirri,mpirrih9@usatoday.com,Female,"Cormorant, little"
623,Huberto,Mushett,hmushettha@earthlink.net,Male,American badger
624,Joshua,Widdup,jwidduphb@purevolume.com,Male,Yellow-billed hornbill
625,Judd,Hawse,jhawsehc@tumblr.com,Male,Trumpeter swan
626,Alvinia,Skerrett,askerretthd@etsy.com,Female,Scaly-breasted lorikeet
627,Orran,O' Faherty,oofahertyhe@dagondesign.com,Male,Eurasian badger
628,Ivy,Dawnay,idawnayhf@jalbum.net,Female,Yellow-bellied marmot
629,Heidi,McSperrin,hmcsperrinhg@mapquest.com,Female,"Bulbul, african red-eyed"
630,Floyd,Marzellano,fmarzellanohh@cdc.gov,Male,Hoary marmot
631,Alecia,Iuorio,aiuoriohi@flickr.com,Female,Brown and yellow marshbird
632,Damian,Fitchett,dfitchetthj@washingtonpost.com,Male,South American sea lion
633,Parker,Bedome,pbedomehk@telegraph.co.uk,Male,"Booby, masked"
634,Trever,Watmough,twatmoughhl@aboutads.info,Male,Carmine bee-eater
635,Glory,Keattch,gkeattchhm@indiatimes.com,Female,Galapagos penguin
636,Emmett,Routh,erouthhn@cam.ac.uk,Male,Common wombat
637,Avrit,Fayne,afayneho@narod.ru,Female,Leadbeateri's ground hornbill
638,Sal,Mazonowicz,smazonowiczhp@clickbank.net,Male,"Tortoise, galapagos"
639,Davina,Furzey,dfurzeyhq@newyorker.com,Female,"Gazer, sun"
640,Katrinka,Alwen,kalwenhr@senate.gov,Female,"Dove, white-winged"
641,Stinky,Nuzzetti,snuzzettihs@opensource.org,Male,"Vulture, lappet-faced"
642,Reagan,Whitemarsh,rwhitemarshht@macromedia.com,Male,Brindled gnu
643,Aldon,Robertz,arobertzhu@devhub.com,Male,"Squirrel, grey-footed"
644,Miles,Fomichkin,mfomichkinhv@mapy.cz,Male,Mule deer
645,Leonerd,Sheppey,lsheppeyhw@surveymonkey.com,Male,White-throated toucan
646,Juliet,Ibarra,jibarrahx@nymag.com,Female,Australian masked owl
647,Marcelo,Roache,mroachehy@multiply.com,Male,"Bear, sloth"
648,Clarette,Rosenblath,crosenblathhz@fda.gov,Female,"Roadrunner, greater"
649,Damita,Barrable,dbarrablei0@abc.net.au,Female,Mexican beaded lizard
650,Maximo,Shildrake,mshildrakei1@umn.edu,Male,"Meerkat, red"
651,Mendy,Sanham,msanhami2@phpbb.com,Male,Killer whale
652,Claudetta,Saville,csavillei3@odnoklassniki.ru,Female,"Heron, green"
653,Dennis,Moehle,dmoehlei4@nature.com,Male,Golden jackal
654,Atlante,Klagge,aklaggei5@whitehouse.gov,Female,Andean goose
655,Kayne,Pays,kpaysi6@nyu.edu,Male,"Wallaby, whip-tailed"
656,Burty,Smythin,bsmythini7@cnet.com,Male,Coyote
657,Karly,Layhe,klayhei8@prlog.org,Female,Red-billed tropic bird
658,Dredi,Oglethorpe,doglethorpei9@tuttocitta.it,Female,"Bandicoot, short-nosed"
659,Boycey,Caccavella,bcaccavellaia@rakuten.co.jp,Male,"Squirrel, uinta ground"
660,August,Valentine,avalentineib@livejournal.com,Male,"Plover, three-banded"
661,Siward,Cussons,scussonsic@e-recht24.de,Male,White-lipped peccary
662,Christen,Lacroux,clacrouxid@jimdo.com,Female,Pine snake (unidentified)
663,Harv,Evanson,hevansonie@paypal.com,Male,African skink
664,Lela,Espy,lespyif@google.es,Female,"Lion, mountain"
665,Gabriela,Prazor,gprazorig@goo.gl,Female,Australian magpie
666,Eda,Girk,egirkih@gov.uk,Female,"Pelican, brown"
667,Nathalia,Gosden,ngosdenii@topsy.com,Female,"Iguana, marine"
668,Jarret,Hartgill,jhartgillij@bbc.co.uk,Male,"Flamingo, roseat"
669,Clovis,Mein,cmeinik@technorati.com,Female,Eastern cottontail rabbit
670,Rayna,Harse,rharseil@craigslist.org,Female,Racer snake
671,Thorpe,Juniper,tjuniperim@examiner.com,Male,"Tern, white-winged black"
672,Anthea,Stubbe,astubbein@alibaba.com,Female,Malagasy ground boa
673,Marrilee,Boult,mboultio@sitemeter.com,Female,Vicuna
674,Vonnie,Prudence,vprudenceip@devhub.com,Female,Jungle cat
675,Morgen,Helks,mhelksiq@mac.com,Male,Bushbuck
676,Jaymee,Pogue,jpogueir@ezinearticles.com,Female,Aardwolf
677,Monika,Toun,mtounis@hibu.com,Female,"Tern, white-winged black"
678,Hillier,Wogan,hwoganit@earthlink.net,Male,Civet (unidentified)
679,Nanon,Cordner,ncordneriu@forbes.com,Female,"Marten, american"
680,Clementine,Dysart,cdysartiv@ted.com,Female,African clawless otter
681,Daphne,Mockett,dmockettiw@blinklist.com,Female,"Wallaby, tammar"
682,Hamlen,Draude,hdraudeix@sfgate.com,Male,"Whale, killer"
683,Pip,Revel,preveliy@behance.net,Male,Collared lizard
684,Myrlene,Petrosian,mpetrosianiz@craigslist.org,Female,"Kangaroo, brush-tailed rat"
685,Beauregard,Valerius,bvaleriusj0@springer.com,Male,Moose
686,Gustavo,Rosellini,grosellinij1@latimes.com,Male,"Sunbird, lesser double-collared"
687,Michelle,Joe,mjoej2@wiley.com,Female,"Salmon, sockeye"
688,Baxy,Manvelle,bmanvellej3@imdb.com,Male,Cape Barren goose
689,Samuel,Rookledge,srookledgej4@amazon.co.jp,Male,"Cormorant, little"
690,Clemente,Weins,cweinsj5@uol.com.br,Male,Raccoon dog
691,Arleyne,Moden,amodenj6@cdc.gov,Female,"Wallaby, euro"
692,Bryna,Alldis,balldisj7@ifeng.com,Female,Eastern boa constrictor
693,Linn,Pirt,lpirtj8@de.vu,Male,Yellow baboon
694,Neddy,Owttrim,nowttrimj9@upenn.edu,Male,Malabar squirrel
695,Brandy,Dreghorn,bdreghornja@aboutads.info,Female,Ring-necked pheasant
696,Cornelius,Lumpkin,clumpkinjb@vimeo.com,Male,"Wallaby, tammar"
697,Peta,MacAfee,pmacafeejc@exblog.jp,Female,"Baboon, gelada"
698,Wald,Salmons,wsalmonsjd@technorati.com,Male,Mississippi alligator
699,Kathrine,Courson,kcoursonje@pen.io,Female,Crab-eating raccoon
700,Jackquelin,Girt,jgirtjf@dailymotion.com,Female,"Badger, eurasian"
701,Wilfrid,Prue,wpruejg@youtu.be,Male,Snow goose
702,Amalita,Measor,ameasorjh@sitemeter.com,Female,Tree porcupine
703,Whittaker,Knok,wknokji@usa.gov,Male,African wild dog
704,Alessandra,Schieferstein,aschiefersteinjj@surveymonkey.com,Female,Great white pelican
705,Paulette,Novakovic,pnovakovicjk@wp.com,Female,"Admiral, indian red"
706,Chip,Khomich,ckhomichjl@github.io,Male,Yellow-headed caracara
707,Archibold,Shorton,ashortonjm@upenn.edu,Male,"Sheep, american bighorn"
708,Arleta,Hanks,ahanksjn@state.gov,Female,"Wallaby, whip-tailed"
709,Wilone,Buswell,wbuswelljo@lulu.com,Female,Smith's bush squirrel
710,Talia,Sikorsky,tsikorskyjp@engadget.com,Female,Scarlet macaw
711,Artemis,Gerhardt,agerhardtjq@soup.io,Male,Least chipmunk
712,Alvina,Mallows,amallowsjr@rakuten.co.jp,Female,Dassie
713,Forrest,Dallow,fdallowjs@usnews.com,Male,Russian dragonfly
714,Lonnard,Vasyutin,lvasyutinjt@vinaora.com,Male,Coke's hartebeest
715,Jamesy,Ianetti,jianettiju@vk.com,Male,"Tortoise, desert"
716,Marlowe,MacVanamy,mmacvanamyjv@woothemes.com,Male,Chacma baboon
717,Dona,Trevan,dtrevanjw@spiegel.de,Female,Pied butcher bird
718,Ingaborg,Godrich,igodrichjx@slate.com,Female,"Hornbill, southern ground"
719,Inger,Olenchenko,iolenchenkojy@alibaba.com,Male,Arctic hare
720,Merrie,Feragh,mferaghjz@blinklist.com,Female,Mexican wolf
721,Ellary,Helbeck,ehelbeckk0@soundcloud.com,Male,Flightless cormorant
722,Aldus,Cowely,acowelyk1@nature.com,Male,Cape starling
723,Karleen,Shaw,kshawk2@slashdot.org,Female,"Hartebeest, red"
724,Dacy,Ballston,dballstonk3@yellowpages.com,Female,Lappet-faced vulture
725,Fowler,Josefer,fjoseferk4@washingtonpost.com,Male,"Deer, savannah"
726,Madel,Huebner,mhuebnerk5@bravesites.com,Female,"Lion, southern sea"
727,Letisha,Snodden,lsnoddenk6@nature.com,Female,Radiated tortoise
728,Dianemarie,Gosford,dgosfordk7@statcounter.com,Female,"Hornbill, yellow-billed"
729,Lory,Lenz,llenzk8@i2i.jp,Female,"Squirrel, european red"
730,Bartram,Hansen,bhansenk9@cnn.com,Male,Arctic fox
731,Patricio,Dundridge,pdundridgeka@123-reg.co.uk,Male,"Francolin, coqui"
732,Meggy,Trunchion,mtrunchionkb@blogtalkradio.com,Female,Red-winged blackbird
733,Perrine,Kaygill,pkaygillkc@devhub.com,Female,"Seal, southern elephant"
734,Barbra,Dockery,bdockerykd@wikimedia.org,Female,Asian red fox
735,Terrence,Bleas,tbleaske@pagesperso-orange.fr,Male,Palm squirrel
736,Eldridge,Critchard,ecritchardkf@netlog.com,Male,"Woodcock, american"
737,Elberta,Furber,efurberkg@miibeian.gov.cn,Female,Black vulture
738,Michel,Lighten,mlightenkh@github.com,Female,"Vulture, white-rumped"
739,Yoko,Glossup,yglossupki@eventbrite.com,Female,"Rattlesnake, horned"
740,Maible,Ruddin,mruddinkj@washingtonpost.com,Female,"Gorilla, western lowland"
741,Magnum,Shadfourth,mshadfourthkk@google.it,Male,Gerenuk
742,Yehudi,Barrasse,ybarrassekl@netvibes.com,Male,"Langur, hanuman"
743,Fannie,Castellino,fcastellinokm@symantec.com,Female,Canadian river otter
744,Harley,Pettus,hpettuskn@usatoday.com,Male,Long-tailed spotted cat
745,Haydon,Leopard,hleopardko@posterous.com,Male,Snowy owl
746,Aloin,Coogan,acoogankp@yahoo.co.jp,Male,White-winged tern
747,Levi,Hoofe,lhoofekq@nbcnews.com,Male,Cook's tree boa
748,Neilla,Aylmore,naylmorekr@elpais.com,Female,"Jackal, asiatic"
749,Prue,Cliff,pcliffks@ed.gov,Female,Squirrel glider
750,Maddi,Fairfoull,mfairfoullkt@weibo.com,Female,Bat-eared fox
751,Domenic,Martinec,dmartinecku@ibm.com,Male,Little brown dove
752,Tanner,MacMeekan,tmacmeekankv@statcounter.com,Male,Saddle-billed stork
753,Marquita,Torrijos,mtorrijoskw@edublogs.org,Female,"Gnu, brindled"
754,Koral,Caulcutt,kcaulcuttkx@myspace.com,Female,"Whale, killer"
755,Selig,Hallitt,shallittky@taobao.com,Male,Suricate
756,Rice,Balding,rbaldingkz@edublogs.org,Male,"Dog, raccoon"
757,Carmen,Kynder,ckynderl0@yellowbook.com,Female,Clark's nutcracker
758,Christiane,Iggo,ciggol1@sciencedirect.com,Female,"Kangaroo, red"
759,Pru,Neat,pneatl2@altervista.org,Female,"Monster, gila"
760,Paige,Sayburn,psayburnl3@hubpages.com,Male,"Duck, mountain"
761,Margaretta,Dominichelli,mdominichellil4@gizmodo.com,Female,Bahama pintail
762,Adelbert,Gard,agardl5@dot.gov,Male,Oribi
763,Fonz,Molines,fmolinesl6@t-online.de,Male,"Wallaby, euro"
764,Ruperto,McLaine,rmclainel7@dell.com,Male,"Possum, western pygmy"
765,Jarid,MacBain,jmacbainl8@weather.com,Male,"Cat, cape wild"
766,Charlotte,Eck,ceckl9@unicef.org,Female,Bushbuck
767,Herrick,Label,hlabella@godaddy.com,Male,"Skunk, striped"
768,Anne-corinne,Ortzen,aortzenlb@ameblo.jp,Female,Rock dove
769,Kurtis,Firbank,kfirbanklc@seesaa.net,Male,Blue and gold macaw
770,Joanie,Limbourne,jlimbourneld@nationalgeographic.com,Female,"Oryx, fringe-eared"
771,Geoffry,Montel,gmontelle@army.mil,Male,"Hornbill, leadbeateri's ground"
772,Garvy,Daggett,gdaggettlf@twitter.com,Male,Urial
773,Jacquie,Reynish,jreynishlg@homestead.com,Female,"Stork, european"
774,Ailbert,Labbett,alabbettlh@ft.com,Male,"Heron, gray"
775,Tawnya,Garbutt,tgarbuttli@ycombinator.com,Female,"Gonolek, burchell's"
776,Stuart,Sonner,ssonnerlj@dailymotion.com,Male,Python (unidentified)
777,Greg,Stangroom,gstangroomlk@studiopress.com,Male,Cereopsis goose
778,Anton,Hurdis,ahurdisll@ehow.com,Male,Indian mynah
779,Fionna,Abbatt,fabbattlm@jugem.jp,Female,"Oystercatcher, blackish"
780,Katusha,Jirasek,kjirasekln@squarespace.com,Female,Brush-tailed bettong
781,Gladi,Cisar,gcisarlo@cbc.ca,Female,Prairie falcon
782,Gabey,Dixcey,gdixceylp@amazonaws.com,Female,Grey phalarope
783,Trude,Carrel,tcarrellq@chronoengine.com,Female,"Dolphin, common"
784,Holden,Excell,hexcelllr@cbc.ca,Male,American marten
785,Xenia,Mc Dermid,xmcdermidls@netscape.com,Female,Grey heron
786,Nelly,Lusher,nlusherlt@scribd.com,Female,"Turkey, common"
787,Huey,Duckels,hduckelslu@symantec.com,Male,Fringe-eared oryx
788,Nichole,Andreasen,nandreasenlv@multiply.com,Male,Pallas's fish eagle
789,Dirk,Cock,dcocklw@google.com.au,Male,Nubian bee-eater
790,Florinda,Stillwell,fstillwelllx@google.nl,Female,Arctic ground squirrel
791,Nannette,Kahan,nkahanly@wsj.com,Female,"Vulture, griffon"
792,Willie,Ealam,wealamlz@alexa.com,Female,Groundhog
793,Wright,Togwell,wtogwellm0@fda.gov,Male,South American meadowlark (unidentified)
794,Wells,Markus,wmarkusm1@flavors.me,Male,Giraffe
795,Tye,Infantino,tinfantinom2@slate.com,Male,Grey heron
796,Honor,Parlott,hparlottm3@princeton.edu,Female,"Goat, mountain"
797,Deanne,Chastney,dchastneym4@bigcartel.com,Female,"Bear, american black"
798,Jaimie,Bann,jbannm5@blinklist.com,Female,Common genet
799,Malorie,Eate,meatem6@psu.edu,Female,"Duiker, gray"
800,Johnette,Aldrin,jaldrinm7@bing.com,Female,Great skua
801,Darnall,Krook,dkrookm8@yolasite.com,Male,"Armadillo, common long-nosed"
802,Oswald,Kleisel,okleiselm9@ucla.edu,Male,White-fronted capuchin
803,Carolyne,Buddington,cbuddingtonma@clickbank.net,Female,"Stork, openbill"
804,Tani,Tawton,ttawtonmb@nhs.uk,Female,"Gull, swallow-tail"
805,Etienne,Ege,eegemc@bing.com,Male,"Magpie, australian"
806,Wilmar,Kellard,wkellardmd@census.gov,Male,"Hedgehog, south african"
807,Greer,Stellino,gstellinome@harvard.edu,Female,Sugar glider
808,Loreen,Mayhew,lmayhewmf@jigsy.com,Female,Black-throated cardinal
809,Vitia,Lilbourne,vlilbournemg@reverbnation.com,Female,Puku
810,Madelaine,Marwick,mmarwickmh@hugedomains.com,Female,"Francolin, swainson's"
811,Lauraine,Drydale,ldrydalemi@mashable.com,Female,"Kingfisher, white-throated"
812,Rudiger,Munford,rmunfordmj@studiopress.com,Male,"Wombat, common"
813,Constantine,Syncke,csynckemk@trellian.com,Male,Emu
814,Marlon,Flanner,mflannerml@4shared.com,Male,Little brown dove
815,Elwin,Goodered,egooderedmm@ameblo.jp,Male,"Lion, galapagos sea"
816,Lion,Nuccii,lnucciimn@istockphoto.com,Male,"Parrot, hawk-headed"
817,Annmarie,Thewlis,athewlismo@nymag.com,Female,"Squirrel, richardson's ground"
818,Bryant,Bowater,bbowatermp@cbslocal.com,Male,White-necked stork
819,Martie,Carslake,mcarslakemq@timesonline.co.uk,Male,"Wombat, common"
820,Barrett,Kearey,bkeareymr@ycombinator.com,Male,"Porcupine, prehensile-tailed"
821,Gwennie,Ghidetti,gghidettims@feedburner.com,Female,"Wallaby, red-necked"
822,Louie,Hollyard,lhollyardmt@sakura.ne.jp,Male,Caracal
823,Mallory,Kopacek,mkopacekmu@geocities.jp,Female,Scarlet macaw
824,Efren,Archdeckne,earchdecknemv@sciencedaily.com,Male,Crested barbet
825,Connor,Rivers,criversmw@hp.com,Male,Jungle kangaroo
826,Garfield,Webben,gwebbenmx@multiply.com,Male,"Jacana, african"
827,Staci,Summerlee,ssummerleemy@cocolog-nifty.com,Female,"Pie, indian tree"
828,Darice,Dilliston,ddillistonmz@nsw.gov.au,Female,Asian lion
829,Crystie,Seine,cseinen0@clickbank.net,Female,Northern elephant seal
830,Johannes,Poacher,jpoachern1@netvibes.com,Male,"Weaver, chestnut"
831,Dana,Brugman,dbrugmann2@nba.com,Male,"Tortoise, galapagos"
832,Bondie,Joincey,bjoinceyn3@unicef.org,Male,"Turkey, wild"
833,Jedediah,Hyett,jhyettn4@aol.com,Male,"Porcupine, crested"
834,Giulietta,Zupone,gzuponen5@cdbaby.com,Female,"Macaque, rhesus"
835,Leo,Jurries,ljurriesn6@gizmodo.com,Male,"Cat, long-tailed spotted"
836,Ameline,Hurtado,ahurtadon7@tripod.com,Female,Tailless tenrec
837,Rolland,Vahl,rvahln8@flavors.me,Male,Blue catfish
838,Dunstan,Bowry,dbowryn9@sciencedaily.com,Male,"Flicker, campo"
839,Kay,Gentil,kgentilna@amazon.de,Female,"Stork, greater adjutant"
840,Eva,Cutress,ecutressnb@npr.org,Female,Southern boubou
841,Benjy,Chesshyre,bchesshyrenc@walmart.com,Male,"Meerkat, red"
842,Lem,Fassam,lfassamnd@hao123.com,Male,Helmeted guinea fowl
843,Robinette,Aldwinckle,raldwincklene@arstechnica.com,Female,"Bird, bare-faced go away"
844,Adrea,Robbey,arobbeynf@tiny.cc,Female,"Egret, cattle"
845,Simone,Castiglione,scastiglioneng@mashable.com,Female,Bahama pintail
846,Brigg,Buzza,bbuzzanh@howstuffworks.com,Male,Indian tree pie
847,Corey,Stairmand,cstairmandni@sphinn.com,Male,"Weaver, sociable"
848,Efrem,Langtry,elangtrynj@narod.ru,Male,Pied crow
849,Vinny,Ogelbe,vogelbenk@quantcast.com,Male,"Owl, great horned"
850,Pearla,Shankle,pshanklenl@blog.com,Female,Moose
851,Dasha,Hartfleet,dhartfleetnm@examiner.com,Female,"Weaver, red-billed buffalo"
852,Raven,Izaac,rizaacnn@loc.gov,Female,"Sheep, american bighorn"
853,Tawsha,Twentyman,ttwentymanno@amazon.co.uk,Female,Little cormorant
854,Kimmi,Delion,kdelionnp@phpbb.com,Female,Adouri (unidentified)
855,Meyer,Staziker,mstazikernq@smugmug.com,Male,African darter
856,Yuri,Lean,yleannr@utexas.edu,Male,"Monkey, rhesus"
857,Paquito,Mcwhinnie,pmcwhinniens@privacy.gov.au,Male,"Puffin, horned"
858,Claus,Tinker,ctinkernt@adobe.com,Male,Canada goose
859,Chandra,McCroft,cmccroftnu@alibaba.com,Female,Blue-tongued skink
860,Bale,O'Spillane,bospillanenv@nbcnews.com,Male,Yellow-throated sandgrouse
861,Kelbee,Forestel,kforestelnw@ebay.co.uk,Male,"Squirrel, african bush"
862,Curt,Siddeley,csiddeleynx@google.cn,Male,"Boa, columbian rainbow"
863,Shaun,Skain,sskainny@is.gd,Male,"Partridge, coqui"
864,Tobye,Ast,tastnz@google.cn,Female,Long-tailed spotted cat
865,Melinda,Pendergrast,mpendergrasto0@google.cn,Female,"Deer, red"
866,Barn,Coupe,bcoupeo1@tuttocitta.it,Male,"Eagle, bald"
867,Karylin,Harmstone,kharmstoneo2@ebay.co.uk,Female,"Phascogale, red-tailed"
868,Emiline,Zambonini,ezamboninio3@yahoo.co.jp,Female,"Kangaroo, brush-tailed rat"
869,Elfrieda,Crosier,ecrosiero4@alexa.com,Female,"Colobus, black and white"
870,Ronnica,Graben,rgrabeno5@barnesandnoble.com,Female,Long-crested hawk eagle
871,Reinald,Pardal,rpardalo6@gravatar.com,Male,"Egret, great"
872,Dorthy,Lye,dlyeo7@who.int,Female,Leadbeateri's ground hornbill
873,Revkah,Pilger,rpilgero8@yale.edu,Female,"Bleu, red-cheeked cordon"
874,Demott,Esley,desleyo9@foxnews.com,Male,Burmese brown mountain tortoise
875,Darelle,Fitzroy,dfitzroyoa@wunderground.com,Female,Lesser flamingo
876,Agnella,Eathorne,aeathorneob@moonfruit.com,Female,"Wallaby, tammar"
877,Alric,Irce,airceoc@zdnet.com,Male,"Bandicoot, long-nosed"
878,Teodoro,Brymner,tbrymnerod@hp.com,Male,"Rhea, gray"
879,Boony,Kirke,bkirkeoe@nifty.com,Male,Black rhinoceros
880,Rickard,Panton,rpantonof@theatlantic.com,Male,Black-fronted bulbul
881,Dan,Langcaster,dlangcasterog@jiathis.com,Male,Egyptian goose
882,Jedd,Raffon,jraffonoh@is.gd,Male,Short-nosed bandicoot
883,Caye,Austins,caustinsoi@photobucket.com,Female,"Sloth, hoffman's"
884,Robinette,Dudliston,rdudlistonoj@home.pl,Female,Puma
885,Kip,Nouch,knouchok@nba.com,Male,"Thrasher, curve-billed"
886,Julietta,Loweth,jlowethol@elegantthemes.com,Female,"Deer, white-tailed"
887,Willy,Pennington,wpenningtonom@google.it,Female,"Lory, rainbow"
888,Dolley,Lytle,dlytleon@cisco.com,Female,Ovenbird
889,Moreen,Ridsdale,mridsdaleoo@marketwatch.com,Female,Genoveva
890,Riccardo,Spellard,rspellardop@purevolume.com,Male,"Meerkat, red"
891,Chanda,Laurie,claurieoq@wordpress.com,Female,"Crake, african black"
892,Torrie,Boundy,tboundyor@homestead.com,Female,Crab-eating fox
893,Othello,D'Adda,odaddaos@gmpg.org,Male,Golden jackal
894,Elisha,Chaikovski,echaikovskiot@china.com.cn,Male,"Dog, raccoon"
895,Carissa,Origan,coriganou@independent.co.uk,Female,"Sifaka, verreaux's"
896,Lew,Simony,lsimonyov@house.gov,Male,"Whale, killer"
897,Tobias,Scotsbrook,tscotsbrookow@discuz.net,Male,"Gull, lava"
898,Tierney,Bohin,tbohinox@upenn.edu,Female,Grey-footed squirrel
899,Nerti,Doel,ndoeloy@1688.com,Female,"Heron, little"
900,Rickert,McCloy,rmccloyoz@skype.com,Male,"Hartebeest, coke's"
901,Rosella,Peake,rpeakep0@admin.ch,Female,"Hyena, brown"
902,Jeana,Ludgrove,jludgrovep1@wikia.com,Female,Javanese cormorant
903,Abbey,Chastanet,achastanetp2@simplemachines.org,Female,Bird (unidentified)
904,Joel,Huttley,jhuttleyp3@deliciousdays.com,Male,North American river otter
905,Arvie,Scuse,ascusep4@alexa.com,Male,Tiger cat
906,Thomas,Dury,tduryp5@unesco.org,Male,Blue crane
907,Penni,Bayless,pbaylessp6@wikispaces.com,Female,Small-clawed otter
908,Dom,Batch,dbatchp7@yahoo.com,Male,"Owl, snowy"
909,Kristoffer,Livoir,klivoirp8@ehow.com,Male,Red-billed tropic bird
910,Sam,Seaward,sseawardp9@sourceforge.net,Female,Northern phalarope
911,Donna,Cristofari,dcristofaripa@blog.com,Female,Common boubou shrike
912,Anatole,Hallad,ahalladpb@etsy.com,Male,"Lion, australian sea"
913,Gabi,Whodcoat,gwhodcoatpc@example.com,Male,Tropical buckeye butterfly
914,Cletus,Binny,cbinnypd@hc360.com,Male,"Phalarope, red-necked"
915,Jolynn,Peppard,jpeppardpe@marriott.com,Female,"Egret, snowy"
916,Odilia,Bartley,obartleypf@uol.com.br,Female,"Reedbuck, bohor"
917,Torey,Rodman,trodmanpg@purevolume.com,Male,Mandras tree shrew
918,Anthony,Port,aportph@yellowpages.com,Male,"Chipmunk, least"
919,Mommy,Ilieve,milievepi@g.co,Female,"Ass, asiatic wild"
920,Petronia,Mattock,pmattockpj@techcrunch.com,Female,"Finch, common melba"
921,Marlane,Wathan,mwathanpk@altervista.org,Female,Giant heron
922,Janeta,O'Feeney,jofeeneypl@woothemes.com,Female,Emerald-spotted wood dove
923,Eb,Pietri,epietripm@mit.edu,Male,"Tapir, brazilian"
924,Arluene,Fetherstan,afetherstanpn@weather.com,Female,"Jaeger, long-tailed"
925,Jermaine,Clarson,jclarsonpo@java.com,Male,Australian brush turkey
926,Teddie,O'Shiels,toshielspp@ucoz.com,Female,Kinkajou
927,Ambur,Marval,amarvalpq@washingtonpost.com,Female,"Creeper, black-tailed tree"
928,Salvador,Di Pietro,sdipietropr@bbb.org,Male,Eagle owl (unidentified)
929,Idette,Arnot,iarnotps@prweb.com,Female,Long-crested hawk eagle
930,Sophia,Davids,sdavidspt@imageshack.us,Female,White stork
931,Arleta,Terrazzo,aterrazzopu@indiegogo.com,Female,Tawny frogmouth
932,Nerte,Dominy,ndominypv@mysql.com,Female,"Eagle, bateleur"
933,Moina,Maydwell,mmaydwellpw@pcworld.com,Female,Wattled crane
934,Harriot,Lomond,hlomondpx@biglobe.ne.jp,Female,"Gull, swallow-tail"
935,Humfrey,Westman,hwestmanpy@alibaba.com,Male,"Badger, eurasian"
936,Rhonda,Doumerc,rdoumercpz@princeton.edu,Female,"Snake, green vine"
937,Haley,McPhail,hmcphailq0@npr.org,Female,"Bleu, red-cheeked cordon"
938,Napoleon,Growy,ngrowyq1@sfgate.com,Male,White rhinoceros
939,Mikaela,Beatens,mbeatensq2@disqus.com,Female,"Rattlesnake, dusky"
940,Sibyl,Guislin,sguislinq3@wikispaces.com,Male,American crow
941,Conny,Tipper,ctipperq4@nbcnews.com,Female,"Tern, white-winged black"
942,Andie,Turvie,aturvieq5@is.gd,Female,"Parakeet, rose-ringed"
943,Ammamaria,Heales,ahealesq6@simplemachines.org,Female,"Heron, giant"
944,Evita,Dwerryhouse,edwerryhouseq7@mozilla.com,Female,"Monkey, bleeding heart"
945,Gray,Benard,gbenardq8@cnet.com,Male,Striped skunk
946,Delilah,Ericssen,dericssenq9@japanpost.jp,Female,"Dunnart, fat-tailed"
947,Burke,Disney,bdisneyqa@toplist.cz,Male,Collared lizard
948,Obadiah,Mummery,omummeryqb@nsw.gov.au,Male,Eastern boa constrictor
949,Orland,Worrell,oworrellqc@barnesandnoble.com,Male,"Wolf, timber"
950,Adorne,Gronno,agronnoqd@telegraph.co.uk,Female,Grison
951,Brandyn,Pincott,bpincottqe@bravesites.com,Male,Urial
952,Katharyn,Alabastar,kalabastarqf@php.net,Female,"Glider, sugar"
953,Jenni,Drayton,jdraytonqg@kickstarter.com,Female,"Macaque, bonnet"
954,Reinwald,Braven,rbravenqh@indiegogo.com,Male,Moose
955,Sara,Pontain,spontainqi@chicagotribune.com,Female,"Zebra, common"
956,Paolo,Surpliss,psurplissqj@techcrunch.com,Male,"Legaan, Monitor (unidentified)"
957,Rhonda,Amthor,ramthorqk@cbc.ca,Female,"Coatimundi, ring-tailed"
958,Netti,Waplington,nwaplingtonql@fda.gov,Female,Bontebok
959,Floria,Cordeux,fcordeuxqm@rambler.ru,Female,"Egret, great"
960,Joly,Vamplers,jvamplersqn@trellian.com,Female,"Cockatoo, roseate"
961,Cointon,Vlasyuk,cvlasyukqo@godaddy.com,Male,"Python, carpet"
962,Kamila,Jozaitis,kjozaitisqp@soundcloud.com,Female,Malachite kingfisher
963,Corry,Grayson,cgraysonqq@shareasale.com,Female,"Jackal, silver-backed"
964,Maryanna,Huckett,mhuckettqr@state.tx.us,Female,Springbok
965,Boy,Woodnutt,bwoodnuttqs@wix.com,Male,"Sloth, hoffman's"
966,Knox,Loutheane,kloutheaneqt@google.co.uk,Male,Common zebra
967,Marie,Putman,mputmanqu@senate.gov,Female,"Bustard, denham's"
968,Darryl,Gehrels,dgehrelsqv@un.org,Male,Long-crested hawk eagle
969,Isaac,Cowle,icowleqw@smh.com.au,Male,Goliath heron
970,Engelbert,Zannelli,ezannelliqx@exblog.jp,Male,Red hartebeest
971,Karalee,Kubicki,kkubickiqy@army.mil,Female,Blue-footed booby
972,Delmor,Richings,drichingsqz@house.gov,Male,Glossy ibis
973,Fidelia,Rowntree,frowntreer0@youtube.com,Female,Ring-tailed coatimundi
974,Barron,Barriball,bbarriballr1@house.gov,Male,Red-necked phalarope
975,Gregorius,Harmon,gharmonr2@dailymail.co.uk,Male,Laughing kookaburra
976,Agna,Torregiani,atorregianir3@ycombinator.com,Female,Ant (unidentified)
977,Sherwood,Phibb,sphibbr4@mail.ru,Male,"Seal, southern elephant"
978,Wyn,Sarson,wsarsonr5@ustream.tv,Male,"Squirrel, thirteen-lined"
979,Glynnis,Reedy,greedyr6@google.com.hk,Female,Rufous-collared sparrow
980,Roana,Ronayne,rronayner7@feedburner.com,Female,"Stork, black-necked"
981,Kerrie,Rosenshine,krosenshiner8@trellian.com,Female,Asian water buffalo
982,Lise,Casale,lcasaler9@google.cn,Female,"Pintail, bahama"
983,Elliot,Cohrs,ecohrsra@google.com.hk,Male,"Deer, swamp"
984,Mayne,Fletcher,mfletcherrb@mediafire.com,Male,"Owl, snowy"
985,Clare,Gierck,cgierckrc@1688.com,Female,"Macaque, rhesus"
986,Christan,Corcut,ccorcutrd@bbb.org,Female,Eurasian beaver
987,Engracia,Mewhirter,emewhirterre@washington.edu,Female,"Hoopoe, eurasian"
988,Mathilde,Simmgen,msimmgenrf@about.com,Female,Gerenuk
989,Melesa,Pepys,mpepysrg@opensource.org,Female,"Crow, pied"
990,Dalenna,Regan,dreganrh@home.pl,Female,"Loris, slender"
991,Gus,O' Reagan,goreaganri@independent.co.uk,Female,Bleeding heart monkey
992,Jasper,Blaszczynski,jblaszczynskirj@sphinn.com,Male,White-rumped vulture
993,Grant,Kemmons,gkemmonsrk@marketwatch.com,Male,"Stilt, black-winged"
994,Britney,Leyninye,bleyninyerl@harvard.edu,Female,"Partridge, coqui"
995,Janina,Orts,jortsrm@mail.ru,Female,"Gonolek, burchell's"
996,Barnabe,Brompton,bbromptonrn@webnode.com,Male,"Crab, red lava"
997,Sabine,Kenzie,skenziero@hc360.com,Female,"Catfish, blue"
998,Lauren,Wright,lwrightrp@facebook.com,Male,Jungle cat
999,Ofilia,Haselwood,ohaselwoodrq@fastcompany.com,Female,Red howler monkey
1000,Jamaal,Stephens,jstephensrr@plala.or.jp,Male,Lapwing (unidentified)
